{"RuleTriggered": 11, "Violations": 11, "Details": {"algo-1": {"cpu": {"p25": 36.3625, "p50": 44.445, "p75": 53.05500000000001, "p95": 82.955, "upper": 78.09375000000003, "lower": 11.323749999999983}, "gpu0": {"p25": 45.0, "p50": 50.0, "p75": 55.0, "p95": 65.0, "upper": 70.0, "lower": 30.0}, "gpu0_memory": {"p25": 38.0, "p50": 41.0, "p75": 44.0, "p95": 54.0, "upper": 42.5, "lower": 39.5}}, "last_timestamp": 1641951180000000}, "Datapoints": 17193, "RuleParameters": "cpu_threshold_p95:70\ngpu_threshold_p95:70\ngpu_memory_threshold_p95:70\npatience:1000\nwindow:500"}