{"RuleTriggered": 0, "Violations": 413, "Details": {"low_gpu_utilization": 2073, "bottlenecks": {"1641951201.725185": {"GPUs": 1, "CPUs": 4}, "1641951201.824206": {"GPUs": 1, "CPUs": 3}, "1641951201.924181": {"GPUs": 1, "CPUs": 3}, "1641951202.024194": {"GPUs": 1, "CPUs": 3}, "1641951202.124188": {"GPUs": 1, "CPUs": 3}, "1641951202.225102": {"GPUs": 1, "CPUs": 1}, "1641951202.424206": {"GPUs": 1, "CPUs": 1}, "1641951202.624186": {"GPUs": 1, "CPUs": 2}, "1641951203.32553": {"GPUs": 1, "CPUs": 1}, "1641951210.024185": {"GPUs": 1, "CPUs": 2}, "1641951210.12421": {"GPUs": 1, "CPUs": 2}, "1641951210.224197": {"GPUs": 1, "CPUs": 3}, "1641951210.324209": {"GPUs": 1, "CPUs": 2}, "1641951210.424198": {"GPUs": 1, "CPUs": 2}, "1641951210.52422": {"GPUs": 1, "CPUs": 1}, "1641951210.624192": {"GPUs": 1, "CPUs": 2}, "1641951216.224194": {"GPUs": 1, "CPUs": 3}, "1641951216.32421": {"GPUs": 1, "CPUs": 3}, "1641951220.124196": {"GPUs": 1, "CPUs": 2}, "1641951220.224194": {"GPUs": 1, "CPUs": 3}, "1641951220.324219": {"GPUs": 1, "CPUs": 3}, "1641951220.424207": {"GPUs": 1, "CPUs": 2}, "1641951220.5242": {"GPUs": 1, "CPUs": 3}, "1641951220.624203": {"GPUs": 1, "CPUs": 3}, "1641951220.724191": {"GPUs": 1, "CPUs": 3}, "1641951220.824185": {"GPUs": 1, "CPUs": 3}, "1641951220.924192": {"GPUs": 1, "CPUs": 2}, "1641951221.024198": {"GPUs": 1, "CPUs": 3}, "1641951221.124192": {"GPUs": 1, "CPUs": 3}, "1641951221.224192": {"GPUs": 1, "CPUs": 2}, "1641951221.324188": {"GPUs": 1, "CPUs": 3}, "1641951221.424187": {"GPUs": 1, "CPUs": 3}, "1641951221.524193": {"GPUs": 1, "CPUs": 3}, "1641951221.624209": {"GPUs": 1, "CPUs": 2}, "1641951221.724184": {"GPUs": 1, "CPUs": 2}, "1641951221.824192": {"GPUs": 1, "CPUs": 2}, "1641951221.924905": {"GPUs": 1, "CPUs": 3}, "1641951222.024194": {"GPUs": 1, "CPUs": 4}, "1641951222.124192": {"GPUs": 1, "CPUs": 3}, "1641951222.224194": {"GPUs": 1, "CPUs": 2}, "1641951222.324188": {"GPUs": 1, "CPUs": 2}, "1641951222.424204": {"GPUs": 1, "CPUs": 3}, "1641951222.524739": {"GPUs": 1, "CPUs": 4}, "1641951222.624198": {"GPUs": 1, "CPUs": 4}, "1641951222.724194": {"GPUs": 1, "CPUs": 4}, "1641951222.824197": {"GPUs": 1, "CPUs": 3}, "1641951223.324221": {"GPUs": 1, "CPUs": 1}, "1641951223.424189": {"GPUs": 1, "CPUs": 2}, "1641951223.524198": {"GPUs": 1, "CPUs": 2}, "1641951223.624194": {"GPUs": 1, "CPUs": 2}, "1641951223.724196": {"GPUs": 1, "CPUs": 3}, "1641951223.824215": {"GPUs": 1, "CPUs": 3}, "1641951223.924181": {"GPUs": 1, "CPUs": 3}, "1641951224.024191": {"GPUs": 1, "CPUs": 3}, "1641951224.124191": {"GPUs": 1, "CPUs": 4}, "1641951224.22419": {"GPUs": 1, "CPUs": 4}, "1641951224.324193": {"GPUs": 1, "CPUs": 1}, "1641951224.424195": {"GPUs": 1, "CPUs": 3}, "1641951224.524191": {"GPUs": 1, "CPUs": 4}, "1641951224.624207": {"GPUs": 1, "CPUs": 3}, "1641951224.724207": {"GPUs": 1, "CPUs": 2}, "1641951224.824202": {"GPUs": 1, "CPUs": 3}, "1641951224.92419": {"GPUs": 1, "CPUs": 2}, "1641951225.024195": {"GPUs": 1, "CPUs": 3}, "1641951225.124207": {"GPUs": 1, "CPUs": 3}, "1641951225.224277": {"GPUs": 1, "CPUs": 2}, "1641951225.324442": {"GPUs": 1, "CPUs": 2}, "1641951231.924668": {"GPUs": 1, "CPUs": 1}, "1641951232.224192": {"GPUs": 1, "CPUs": 2}, "1641951232.324189": {"GPUs": 1, "CPUs": 2}, "1641951232.424197": {"GPUs": 1, "CPUs": 2}, "1641951232.524186": {"GPUs": 1, "CPUs": 2}, "1641951232.624192": {"GPUs": 1, "CPUs": 2}, "1641951232.724189": {"GPUs": 1, "CPUs": 2}, "1641951232.824195": {"GPUs": 1, "CPUs": 3}, "1641951232.924191": {"GPUs": 1, "CPUs": 3}, "1641951233.024215": {"GPUs": 1, "CPUs": 2}, "1641951233.124933": {"GPUs": 1, "CPUs": 1}, "1641951233.224211": {"GPUs": 1, "CPUs": 1}, "1641951233.324193": {"GPUs": 1, "CPUs": 2}, "1641951233.424195": {"GPUs": 1, "CPUs": 3}, "1641951233.524185": {"GPUs": 1, "CPUs": 3}, "1641951233.624196": {"GPUs": 1, "CPUs": 2}, "1641951233.724191": {"GPUs": 1, "CPUs": 2}, "1641951233.824183": {"GPUs": 1, "CPUs": 3}, "1641951233.924187": {"GPUs": 1, "CPUs": 2}, "1641951234.024196": {"GPUs": 1, "CPUs": 3}, "1641951234.124206": {"GPUs": 1, "CPUs": 2}, "1641951234.324195": {"GPUs": 1, "CPUs": 2}, "1641951234.424171": {"GPUs": 1, "CPUs": 3}, "1641951234.524183": {"GPUs": 1, "CPUs": 2}, "1641951234.624204": {"GPUs": 1, "CPUs": 2}, "1641951234.724231": {"GPUs": 1, "CPUs": 1}, "1641951234.824207": {"GPUs": 1, "CPUs": 1}, "1641951234.924203": {"GPUs": 1, "CPUs": 2}, "1641951235.02423": {"GPUs": 1, "CPUs": 1}, "1641951235.124905": {"GPUs": 1, "CPUs": 2}, "1641951235.224207": {"GPUs": 1, "CPUs": 2}, "1641951235.324188": {"GPUs": 1, "CPUs": 2}, "1641951235.424316": {"GPUs": 1, "CPUs": 2}, "1641951235.524191": {"GPUs": 1, "CPUs": 2}, "1641951235.624188": {"GPUs": 1, "CPUs": 2}, "1641951235.724191": {"GPUs": 1, "CPUs": 3}, "1641951235.824189": {"GPUs": 1, "CPUs": 2}, "1641951235.924199": {"GPUs": 1, "CPUs": 2}, "1641951236.024193": {"GPUs": 1, "CPUs": 1}, "1641951236.124184": {"GPUs": 1, "CPUs": 2}, "1641951236.224268": {"GPUs": 1, "CPUs": 3}, "1641951236.32425": {"GPUs": 1, "CPUs": 1}, "1641951241.7242": {"GPUs": 1, "CPUs": 1}, "1641951241.824199": {"GPUs": 1, "CPUs": 2}, "1641951241.924198": {"GPUs": 1, "CPUs": 2}, "1641951242.224209": {"GPUs": 1, "CPUs": 1}, "1641951242.32503": {"GPUs": 1, "CPUs": 1}, "1641951242.424207": {"GPUs": 1, "CPUs": 1}, "1641951242.524198": {"GPUs": 1, "CPUs": 2}, "1641951242.624193": {"GPUs": 1, "CPUs": 1}, "1641951242.724235": {"GPUs": 1, "CPUs": 2}, "1641951242.824221": {"GPUs": 1, "CPUs": 2}, "1641951242.924201": {"GPUs": 1, "CPUs": 1}, "1641951243.024196": {"GPUs": 1, "CPUs": 1}, "1641951243.324226": {"GPUs": 1, "CPUs": 1}, "1641951244.024923": {"GPUs": 1, "CPUs": 1}, "1641951244.124213": {"GPUs": 1, "CPUs": 1}, "1641951244.224205": {"GPUs": 1, "CPUs": 2}, "1641951244.3242": {"GPUs": 1, "CPUs": 2}, "1641951244.424206": {"GPUs": 1, "CPUs": 1}, "1641951244.524878": {"GPUs": 1, "CPUs": 1}, "1641951244.624158": {"GPUs": 1, "CPUs": 2}, "1641951244.724199": {"GPUs": 1, "CPUs": 2}, "1641951244.824455": {"GPUs": 1, "CPUs": 2}, "1641951244.924208": {"GPUs": 1, "CPUs": 2}, "1641951245.024221": {"GPUs": 1, "CPUs": 4}, "1641951245.124212": {"GPUs": 1, "CPUs": 3}, "1641951245.224207": {"GPUs": 1, "CPUs": 3}, "1641951245.324202": {"GPUs": 1, "CPUs": 1}, "1641951245.424211": {"GPUs": 1, "CPUs": 2}, "1641951245.524204": {"GPUs": 1, "CPUs": 2}, "1641951245.624231": {"GPUs": 1, "CPUs": 2}, "1641951245.724214": {"GPUs": 1, "CPUs": 2}, "1641951245.824216": {"GPUs": 1, "CPUs": 2}, "1641951245.924202": {"GPUs": 1, "CPUs": 2}, "1641951246.024209": {"GPUs": 1, "CPUs": 2}, "1641951246.124211": {"GPUs": 1, "CPUs": 1}, "1641951246.224859": {"GPUs": 1, "CPUs": 1}, "1641951246.324205": {"GPUs": 1, "CPUs": 1}, "1641951246.424196": {"GPUs": 1, "CPUs": 2}, "1641951246.524911": {"GPUs": 1, "CPUs": 1}, "1641951246.724186": {"GPUs": 1, "CPUs": 1}, "1641951247.824201": {"GPUs": 1, "CPUs": 2}, "1641951248.424192": {"GPUs": 1, "CPUs": 2}, "1641951258.724216": {"GPUs": 1, "CPUs": 1}, "1641951258.825118": {"GPUs": 1, "CPUs": 1}, "1641951259.924186": {"GPUs": 1, "CPUs": 2}, "1641951260.02419": {"GPUs": 1, "CPUs": 1}, "1641951260.124186": {"GPUs": 1, "CPUs": 1}, "1641951260.224195": {"GPUs": 1, "CPUs": 1}, "1641951260.324194": {"GPUs": 1, "CPUs": 1}, "1641951260.42419": {"GPUs": 1, "CPUs": 1}, "1641951260.524187": {"GPUs": 1, "CPUs": 2}, "1641951260.624224": {"GPUs": 1, "CPUs": 2}, "1641951260.724184": {"GPUs": 1, "CPUs": 1}, "1641951260.824222": {"GPUs": 1, "CPUs": 2}, "1641951260.924182": {"GPUs": 1, "CPUs": 2}, "1641951261.02419": {"GPUs": 1, "CPUs": 2}, "1641951261.124198": {"GPUs": 1, "CPUs": 1}, "1641951261.224196": {"GPUs": 1, "CPUs": 1}, "1641951261.324918": {"GPUs": 1, "CPUs": 1}, "1641951261.424191": {"GPUs": 1, "CPUs": 2}, "1641951261.524192": {"GPUs": 1, "CPUs": 2}, "1641951261.624203": {"GPUs": 1, "CPUs": 1}, "1641951261.724188": {"GPUs": 1, "CPUs": 1}, "1641951261.82421": {"GPUs": 1, "CPUs": 2}, "1641951261.924191": {"GPUs": 1, "CPUs": 1}, "1641951262.024216": {"GPUs": 1, "CPUs": 1}, "1641951262.124217": {"GPUs": 1, "CPUs": 1},